<?xml version="1.0" encoding="UTF-8" standalone="no"?>
<data>
    <row>
        <href>10076</href>
        <program>전지적 참견 시점</program>
        <content_id>tv_10622</content_id>
        <contentset_id>com.lge.meta.crawler.cine21.Cine21Crawler</contentset_id>
        <channel>MBC</channel>
        <days>토</days>
        <post>1989</post>
        <comment>14105</comment>
        <video_view>8232</video_view>
        <news>1748</news>
        <video>191</video>
        <family>738</family>
        <individual>1209</individual>
        <man>526</man>
        <woman>684</woman>
        <teenager>128</teenager>
        <twenties>93</twenties>
        <thirties>138</thirties>
        <fourties>369</fourties>
        <fifties>236</fifties>
        <sixties>223</sixties>
        <tv_vod>-</tv_vod>
        <pc_live>-</pc_live>
        <pc_vod>-</pc_vod>
        <mobile_vod>-</mobile_vod>
        <genre>예능</genre>
        <start_date>2018.03.03</start_date>
        <end_date>-</end_date>
        <director>노시용,채현석</director>
        <writer>여현전,이경희,이소민,박진주,윤승정</writer>
        <casts>이영자,전현무,송은이,양세형,유병재</casts>
    </row>
    <row>
        <href>10085</href>
        <program>집사부일체</program>
        <content_id>tv_10866</content_id>
        <contentset_id>com.lge.meta.crawler.cine21.Cine21Crawler</contentset_id>
        <channel>SBS</channel>
        <days>일</days>
        <post>1550</post>
        <comment>10278</comment>
        <video_view>1944</video_view>
        <news>1470</news>
        <video>151</video>
        <family>898</family>
        <individual>1457</individual>
        <man>664</man>
        <woman>793</woman>
        <teenager>126</teenager>
        <twenties>133</twenties>
        <thirties>183</thirties>
        <fourties>307</fourties>
        <fifties>319</fifties>
        <sixties>334</sixties>
        <tv_vod>-</tv_vod>
        <pc_live>-</pc_live>
        <pc_vod>-</pc_vod>
        <mobile_vod>-</mobile_vod>
        <genre>예능</genre>
        <start_date>2017.12.31</start_date>
        <end_date>-</end_date>
        <director>이세영,김정욱,한비인,최형인</director>
        <writer>김명정,정지숙,이희수,강새롬</writer>
        <casts>이승기,양세형,신성록,차은우,김동현</casts>
    </row>
    <row>
        <href>10088</href>
        <program>백종원의 골목식당</program>
        <content_id>tv_10947</content_id>
        <contentset_id>com.lge.meta.crawler.cine21.Cine21Crawler</contentset_id>
        <channel>SBS</channel>
        <days>수</days>
        <post>1381</post>
        <comment>4413</comment>
        <video_view>177</video_view>
        <news>513</news>
        <video>94</video>
        <family>663</family>
        <individual>1049</individual>
        <man>513</man>
        <woman>536</woman>
        <teenager>52</teenager>
        <twenties>76</twenties>
        <thirties>134</thirties>
        <fourties>249</fourties>
        <fifties>261</fifties>
        <sixties>228</sixties>
        <tv_vod>-</tv_vod>
        <pc_live>-</pc_live>
        <pc_vod>-</pc_vod>
        <mobile_vod>-</mobile_vod>
        <genre>예능</genre>
        <start_date>2018.01.05</start_date>
        <end_date>-</end_date>
        <director>이관원,정우진,윤종호</director>
        <writer>황보경,이혜민,김현진,정세영</writer>
        <casts>백종원,김성주</casts>
    </row>
    <row>
        <href>10343</href>
        <program>유 퀴즈 온 더 블럭</program>
        <content_id>tv_13697</content_id>
        <contentset_id>com.lge.meta.crawler.cine21.Cine21Crawler</contentset_id>
        <channel>tvN</channel>
        <days>수</days>
        <post>3050</post>
        <comment>18533</comment>
        <video_view>6272</video_view>
        <news>1407</news>
        <video>286</video>
        <family>834</family>
        <individual>1354</individual>
        <man>534</man>
        <woman>819</woman>
        <teenager>88</teenager>
        <twenties>117</twenties>
        <thirties>236</thirties>
        <fourties>341</fourties>
        <fifties>283</fifties>
        <sixties>243</sixties>
        <tv_vod>-</tv_vod>
        <pc_live>-</pc_live>
        <pc_vod>-</pc_vod>
        <mobile_vod>-</mobile_vod>
        <genre>예능</genre>
        <start_date>2018.08.29</start_date>
        <end_date>-</end_date>
        <director>김민석,이정현,강민성,이하나,이승환</director>
        <writer>이언주,김선희,김나라</writer>
        <casts>유재석,조세호</casts>
    </row>
    <row>
        <href>10661</href>
        <program>식객 허영만의 백반기행</program>
        <content_id>tv_16444</content_id>
        <contentset_id>com.lge.meta.crawler.cine21.Cine21Crawler</contentset_id>
        <channel>TV CHOS</channel>
        <days>금</days>
        <post>1057</post>
        <comment>2612</comment>
        <video_view>41</video_view>
        <news>601</news>
        <video>76</video>
        <family>348</family>
        <individual>465</individual>
        <man>225</man>
        <woman>240</woman>
        <teenager>8</teenager>
        <twenties>19</twenties>
        <thirties>40</thirties>
        <fourties>43</fourties>
        <fifties>109</fifties>
        <sixties>243</sixties>
        <tv_vod>-</tv_vod>
        <pc_live>-</pc_live>
        <pc_vod>-</pc_vod>
        <mobile_vod>-</mobile_vod>
        <genre>예능</genre>
        <start_date>2019.05.14</start_date>
        <end_date>-</end_date>
        <director>황우광,이문호,조호형,변재길,김지은</director>
        <writer>강지숙,정지윤,이금섭,천혜인,박주희</writer>
        <casts>허영만,정보석,김원희,오지호,오상진</casts>
    </row>
    <row>
        <href>10661</href>
        <program>식객 허영만의 백반기행</program>
        <content_id>-Q m=http%3A%2F%2Fapi-global.netflix.com%2Fcatalog%2Ftitles%2Fseries%2F81380050&amp;amp;source_type=4&amp;amp;trackId=13783779&amp;amp;trackUrl=https%3A%2F%2Fapi-global.netflix.com%2FAPI_APP_ID_6261%3F%23Search%3F</content_id>
        <contentset_id>com.lge.meta.crawler.netflix.NetflixCrawler_ko_KR</contentset_id>
        <channel>TV CHOS</channel>
        <days>금</days>
        <post>1057</post>
        <comment>2612</comment>
        <video_view>41</video_view>
        <news>601</news>
        <video>76</video>
        <family>348</family>
        <individual>465</individual>
        <man>225</man>
        <woman>240</woman>
        <teenager>8</teenager>
        <twenties>19</twenties>
        <thirties>40</thirties>
        <fourties>43</fourties>
        <fifties>109</fifties>
        <sixties>243</sixties>
        <tv_vod>-</tv_vod>
        <pc_live>-</pc_live>
        <pc_vod>-</pc_vod>
        <mobile_vod>-</mobile_vod>
        <genre>예능</genre>
        <start_date>2019.05.14</start_date>
        <end_date>-</end_date>
        <director>황우광,이문호,조호형,변재길,김지은</director>
        <writer>강지숙,정지윤,이금섭,천혜인,박주희</writer>
        <casts>허영만,정보석,김원희,오지호,오상진</casts>
    </row>
    <row>
        <href>10661</href>
        <program>식객 허영만의 백반기행</program>
        <content_id>tPrzdQW</content_id>
        <contentset_id>com.lge.meta.crawler.watchaplay.WatchaPlayCrawler</contentset_id>
        <channel>TV CHOS</channel>
        <days>금</days>
        <post>1057</post>
        <comment>2612</comment>
        <video_view>41</video_view>
        <news>601</news>
        <video>76</video>
        <family>348</family>
        <individual>465</individual>
        <man>225</man>
        <woman>240</woman>
        <teenager>8</teenager>
        <twenties>19</twenties>
        <thirties>40</thirties>
        <fourties>43</fourties>
        <fifties>109</fifties>
        <sixties>243</sixties>
        <tv_vod>-</tv_vod>
        <pc_live>-</pc_live>
        <pc_vod>-</pc_vod>
        <mobile_vod>-</mobile_vod>
        <genre>예능</genre>
        <start_date>2019.05.14</start_date>
        <end_date>-</end_date>
        <director>황우광,이문호,조호형,변재길,김지은</director>
        <writer>강지숙,정지윤,이금섭,천혜인,박주희</writer>
        <casts>허영만,정보석,김원희,오지호,오상진</casts>
    </row>
    <row>
        <href>107</href>
        <program>슈퍼맨이 돌아왔다</program>
        <content_id>tRpvj5l</content_id>
        <contentset_id>com.lge.meta.crawler.watchaplay.WatchaPlayCrawler</contentset_id>
        <channel>KBS2</channel>
        <days>일</days>
        <post>1116</post>
        <comment>12382</comment>
        <video_view>3174</video_view>
        <news>1379</news>
        <video>134</video>
        <family>1168</family>
        <individual>1664</individual>
        <man>683</man>
        <woman>981</woman>
        <teenager>61</teenager>
        <twenties>132</twenties>
        <thirties>157</thirties>
        <fourties>219</fourties>
        <fifties>386</fifties>
        <sixties>664</sixties>
        <tv_vod>-</tv_vod>
        <pc_live>-</pc_live>
        <pc_vod>-</pc_vod>
        <mobile_vod>-</mobile_vod>
        <genre>예능</genre>
        <start_date>2013.11.03</start_date>
        <end_date>-</end_date>
        <director>황민규,방글이,구민정,김영민,정동현</director>
        <writer>백순영,차지영,김희연,박상미,권영</writer>
        <casts>이동국,샘해밍턴,고지용,박주호</casts>
    </row>
    <row>
        <href>10738</href>
        <program>놀면 뭐하니?</program>
        <content_id>tv_17216</content_id>
        <contentset_id>com.lge.meta.crawler.cine21.Cine21Crawler</contentset_id>
        <channel>MBC</channel>
        <days>토</days>
        <post>3002</post>
        <comment>22661</comment>
        <video_view>6508</video_view>
        <news>2165</news>
        <video>160</video>
        <family>1293</family>
        <individual>2280</individual>
        <man>1052</man>
        <woman>1228</woman>
        <teenager>181</teenager>
        <twenties>185</twenties>
        <thirties>356</thirties>
        <fourties>601</fourties>
        <fifties>432</fifties>
        <sixties>430</sixties>
        <tv_vod>-</tv_vod>
        <pc_live>-</pc_live>
        <pc_vod>-</pc_vod>
        <mobile_vod>-</mobile_vod>
        <genre>예능</genre>
        <start_date>2019.07.27</start_date>
        <end_date>-</end_date>
        <director>김태호,김윤집,장우성,왕종석</director>
        <writer/>
        <casts>유재석</casts>
    </row>
    <row>
        <href>10841</href>
        <program>신상출시 편스토랑</program>
        <content_id>tv_18284</content_id>
        <contentset_id>com.lge.meta.crawler.cine21.Cine21Crawler</contentset_id>
        <channel>KBS2</channel>
        <days>금</days>
        <post>1446</post>
        <comment>4862</comment>
        <video_view>595</video_view>
        <news>1072</news>
        <video>138</video>
        <family>632</family>
        <individual>970</individual>
        <man>405</man>
        <woman>565</woman>
        <teenager>74</teenager>
        <twenties>42</twenties>
        <thirties>80</thirties>
        <fourties>236</fourties>
        <fifties>194</fifties>
        <sixties>308</sixties>
        <tv_vod>-</tv_vod>
        <pc_live>-</pc_live>
        <pc_vod>-</pc_vod>
        <mobile_vod>-</mobile_vod>
        <genre>예능</genre>
        <start_date>2019.10.25</start_date>
        <end_date>-</end_date>
        <director>강봉규,황성훈</director>
        <writer/>
        <casts>도경완,이경규,이영자,이유리,오윤아,한지혜,전혜빈</casts>
    </row>
    <row>
        <href>10889</href>
        <program>1박 2일 시즌4</program>
        <content_id>tv_18766</content_id>
        <contentset_id>com.lge.meta.crawler.cine21.Cine21Crawler</contentset_id>
        <channel>KBS2</channel>
        <days>일</days>
        <post>1531</post>
        <comment>11169</comment>
        <video_view>716</video_view>
        <news>1980</news>
        <video>122</video>
        <family>2074</family>
        <individual>3250</individual>
        <man>1469</man>
        <woman>1781</woman>
        <teenager>164</teenager>
        <twenties>209</twenties>
        <thirties>316</thirties>
        <fourties>592</fourties>
        <fifties>734</fifties>
        <sixties>1114</sixties>
        <tv_vod>-</tv_vod>
        <pc_live>-</pc_live>
        <pc_vod>-</pc_vod>
        <mobile_vod>-</mobile_vod>
        <genre>예능</genre>
        <start_date>2019.12.08</start_date>
        <end_date>-</end_date>
        <director>방글이,정동현,이희성,배수경,김남혁,김수현</director>
        <writer>노진영,이지혜,이고운,박은주,백나미</writer>
        <casts>연정훈,김종민,문세윤,딘딘,라비</casts>
    </row>
    <row>
        <href>11060</href>
        <program>요즘 육아 금쪽같은 내 새끼</program>
        <content_id>tv_20179</content_id>
        <contentset_id>com.lge.meta.crawler.cine21.Cine21Crawler</contentset_id>
        <channel>채널A</channel>
        <days>금</days>
        <post>955</post>
        <comment>5827</comment>
        <video_view>4276</video_view>
        <news>284</news>
        <video>146</video>
        <family>366</family>
        <individual>522</individual>
        <man>194</man>
        <woman>328</woman>
        <teenager>44</teenager>
        <twenties>24</twenties>
        <thirties>64</thirties>
        <fourties>73</fourties>
        <fifties>101</fifties>
        <sixties>202</sixties>
        <tv_vod>-</tv_vod>
        <pc_live>-</pc_live>
        <pc_vod>-</pc_vod>
        <mobile_vod>-</mobile_vod>
        <genre>예능</genre>
        <start_date>2020.05.29</start_date>
        <end_date>-</end_date>
        <director/>
        <writer/>
        <casts>신애라,오은영,정형돈,장영란,홍현희,박재연</casts>
    </row>
    <row>
        <href>11454</href>
        <program>빨강 구두</program>
        <content_id>tv_21896</content_id>
        <contentset_id>com.lge.meta.crawler.cine21.Cine21Crawler</contentset_id>
        <channel>KBS2</channel>
        <days>월화수목금</days>
        <post>841</post>
        <comment>7224</comment>
        <video_view>7901</video_view>
        <news>1351</news>
        <video>369</video>
        <family>3744</family>
        <individual>4858</individual>
        <man>2027</man>
        <woman>2831</woman>
        <teenager>151</teenager>
        <twenties>198</twenties>
        <thirties>364</thirties>
        <fourties>430</fourties>
        <fifties>902</fifties>
        <sixties>2733</sixties>
        <tv_vod>-</tv_vod>
        <pc_live>-</pc_live>
        <pc_vod>-</pc_vod>
        <mobile_vod>-</mobile_vod>
        <genre>드라마</genre>
        <start_date>2021.07.05</start_date>
        <end_date>2021.12.10</end_date>
        <director>박기현</director>
        <writer>황순영</writer>
        <casts>최명길,소이현,박윤재,반효정,선우재덕,신정윤,정유민</casts>
    </row>
    <row>
        <href>11525</href>
        <program>원 더 우먼</program>
        <content_id>tv_22022</content_id>
        <contentset_id>com.lge.meta.crawler.cine21.Cine21Crawler</contentset_id>
        <channel>SBS</channel>
        <days>금</days>
        <post>1134</post>
        <comment>6961</comment>
        <video_view>5254</video_view>
        <news>815</news>
        <video>73</video>
        <family>2922</family>
        <individual>4699</individual>
        <man>2083</man>
        <woman>2616</woman>
        <teenager>291</teenager>
        <twenties>325</twenties>
        <thirties>353</thirties>
        <fourties>1033</fourties>
        <fifties>1415</fifties>
        <sixties>1161</sixties>
        <tv_vod>-</tv_vod>
        <pc_live>-</pc_live>
        <pc_vod>-</pc_vod>
        <mobile_vod>-</mobile_vod>
        <genre>드라마</genre>
        <start_date>2021.09.17</start_date>
        <end_date>2021.11.06</end_date>
        <director>최영훈</director>
        <writer>김윤</writer>
        <casts>이하늬,이상윤,진서연,이원근</casts>
    </row>
    <row>
        <href>11532</href>
        <program>신사와 아가씨</program>
        <content_id>tv_22955</content_id>
        <contentset_id>com.lge.meta.crawler.cine21.Cine21Crawler</contentset_id>
        <channel>KBS2</channel>
        <days>토일</days>
        <post>3962</post>
        <comment>25895</comment>
        <video_view>12913</video_view>
        <news>2883</news>
        <video>267</video>
        <family>5045</family>
        <individual>7302</individual>
        <man>3081</man>
        <woman>4221</woman>
        <teenager>327</teenager>
        <twenties>433</twenties>
        <thirties>458</thirties>
        <fourties>915</fourties>
        <fifties>1636</fifties>
        <sixties>3373</sixties>
        <tv_vod>-</tv_vod>
        <pc_live>-</pc_live>
        <pc_vod>-</pc_vod>
        <mobile_vod>-</mobile_vod>
        <genre>드라마</genre>
        <start_date>2021.09.25</start_date>
        <end_date>-</end_date>
        <director>신창석</director>
        <writer>김사경</writer>
        <casts>지현우,이세희,강은탁,박하나,안우연,윤진이,김영옥</casts>
    </row>
    <row>
        <href>11556</href>
        <program>연모</program>
        <content_id>tv_23002</content_id>
        <contentset_id>com.lge.meta.crawler.cine21.Cine21Crawler</contentset_id>
        <channel>KBS2</channel>
        <days>월화</days>
        <post>7771</post>
        <comment>41544</comment>
        <video_view>11279</video_view>
        <news>3038</news>
        <video>273</video>
        <family>1516</family>
        <individual>2140</individual>
        <man>865</man>
        <woman>1275</woman>
        <teenager>67</teenager>
        <twenties>131</twenties>
        <thirties>160</thirties>
        <fourties>298</fourties>
        <fifties>640</fifties>
        <sixties>816</sixties>
        <tv_vod>-</tv_vod>
        <pc_live>-</pc_live>
        <pc_vod>-</pc_vod>
        <mobile_vod>-</mobile_vod>
        <genre>드라마</genre>
        <start_date>2021.10.11</start_date>
        <end_date>2021.12.14</end_date>
        <director>송현욱,이현석</director>
        <writer>한희정</writer>
        <casts>박은빈,로운,남윤수,배윤경,최병찬,정채연,배수빈</casts>
    </row>
    <row>
        <href>11556</href>
        <program>연모</program>
        <content_id>-Q m=http%3A%2F%2Fapi-global.netflix.com%2Fcatalog%2Ftitles%2Fseries%2F81430282&amp;amp;source_type=4&amp;amp;trackId=13783779&amp;amp;trackUrl=https%3A%2F%2Fapi-global.netflix.com%2FAPI_APP_ID_6261%3F%23Search%3F</content_id>
        <contentset_id>com.lge.meta.crawler.netflix.NetflixCrawler_ko_KR</contentset_id>
        <channel>KBS2</channel>
        <days>월화</days>
        <post>7771</post>
        <comment>41544</comment>
        <video_view>11279</video_view>
        <news>3038</news>
        <video>273</video>
        <family>1516</family>
        <individual>2140</individual>
        <man>865</man>
        <woman>1275</woman>
        <teenager>67</teenager>
        <twenties>131</twenties>
        <thirties>160</thirties>
        <fourties>298</fourties>
        <fifties>640</fifties>
        <sixties>816</sixties>
        <tv_vod>-</tv_vod>
        <pc_live>-</pc_live>
        <pc_vod>-</pc_vod>
        <mobile_vod>-</mobile_vod>
        <genre>드라마</genre>
        <start_date>2021.10.11</start_date>
        <end_date>2021.12.14</end_date>
        <director>송현욱,이현석</director>
        <writer>한희정</writer>
        <casts>박은빈,로운,남윤수,배윤경,최병찬,정채연,배수빈</casts>
    </row>
    <row>
        <href>11557</href>
        <program>너를 닮은 사람</program>
        <content_id>-Q m=http%3A%2F%2Fapi-global.netflix.com%2Fcatalog%2Ftitles%2Fseries%2F81473219&amp;amp;source_type=4&amp;amp;trackId=13783779&amp;amp;trackUrl=https%3A%2F%2Fapi-global.netflix.com%2FAPI_APP_ID_6261%3F%23Search%3F</content_id>
        <contentset_id>com.lge.meta.crawler.netflix.NetflixCrawler_ko_KR</contentset_id>
        <channel>JTBC</channel>
        <days>수목</days>
        <post>2870</post>
        <comment>11400</comment>
        <video_view>6269</video_view>
        <news>2015</news>
        <video>289</video>
        <family>317</family>
        <individual>475</individual>
        <man>177</man>
        <woman>298</woman>
        <teenager>16</teenager>
        <twenties>40</twenties>
        <thirties>38</thirties>
        <fourties>88</fourties>
        <fifties>153</fifties>
        <sixties>127</sixties>
        <tv_vod>-</tv_vod>
        <pc_live>-</pc_live>
        <pc_vod>-</pc_vod>
        <mobile_vod>-</mobile_vod>
        <genre>드라마</genre>
        <start_date>2021.10.13</start_date>
        <end_date>2021.12.02</end_date>
        <director>임현욱</director>
        <writer>유보라</writer>
        <casts>고현정,신현빈,김재영,최원영,김상호,김호정,김수안</casts>
    </row>
    <row>
        <href>11572</href>
        <program>지리산</program>
        <content_id>tv_23025</content_id>
        <contentset_id>com.lge.meta.crawler.cine21.Cine21Crawler</contentset_id>
        <channel>tvN</channel>
        <days>토일</days>
        <post>9264</post>
        <comment>50168</comment>
        <video_view>3539</video_view>
        <news>3194</news>
        <video>434</video>
        <family>1314</family>
        <individual>2292</individual>
        <man>979</man>
        <woman>1313</woman>
        <teenager>144</teenager>
        <twenties>190</twenties>
        <thirties>227</thirties>
        <fourties>578</fourties>
        <fifties>660</fifties>
        <sixties>446</sixties>
        <tv_vod>-</tv_vod>
        <pc_live>-</pc_live>
        <pc_vod>-</pc_vod>
        <mobile_vod>-</mobile_vod>
        <genre>드라마</genre>
        <start_date>2021.10.23</start_date>
        <end_date>2021.12.12</end_date>
        <director>이응복</director>
        <writer>김은희</writer>
        <casts>전지현,주지훈,성동일,오정세,조한철,전석호,이가섭,고민시</casts>
    </row>
    <row>
        <href>11575</href>
        <program>슬기로운 산촌생활</program>
        <content_id>tv_23033</content_id>
        <contentset_id>com.lge.meta.crawler.cine21.Cine21Crawler</contentset_id>
        <channel>tvN</channel>
        <days>금</days>
        <post>1386</post>
        <comment>8099</comment>
        <video_view>3311</video_view>
        <news>695</news>
        <video>216</video>
        <family>966</family>
        <individual>1617</individual>
        <man>663</man>
        <woman>954</woman>
        <teenager>101</teenager>
        <twenties>129</twenties>
        <thirties>283</thirties>
        <fourties>450</fourties>
        <fifties>361</fifties>
        <sixties>236</sixties>
        <tv_vod>-</tv_vod>
        <pc_live>-</pc_live>
        <pc_vod>-</pc_vod>
        <mobile_vod>-</mobile_vod>
        <genre>예능</genre>
        <start_date>2021.10.08</start_date>
        <end_date>2021.12.03</end_date>
        <director>나영석</director>
        <writer/>
        <casts>조정석,유연석,정경호,김대명,전미도</casts>
    </row>
    <row>
        <href>11580</href>
        <program>구경이</program>
        <content_id>-Q m=http%3A%2F%2Fapi-global.netflix.com%2Fcatalog%2Ftitles%2Fseries%2F81486374&amp;amp;source_type=4&amp;amp;trackId=13783779&amp;amp;trackUrl=https%3A%2F%2Fapi-global.netflix.com%2FAPI_APP_ID_6261%3F%23Search%3F</content_id>
        <contentset_id>com.lge.meta.crawler.netflix.NetflixCrawler_ko_KR</contentset_id>
        <channel>JTBC</channel>
        <days>토일</days>
        <post>2323</post>
        <comment>7916</comment>
        <video_view>495</video_view>
        <news>2360</news>
        <video>197</video>
        <family>297</family>
        <individual>482</individual>
        <man>212</man>
        <woman>269</woman>
        <teenager>30</teenager>
        <twenties>41</twenties>
        <thirties>41</thirties>
        <fourties>138</fourties>
        <fifties>110</fifties>
        <sixties>104</sixties>
        <tv_vod>-</tv_vod>
        <pc_live>-</pc_live>
        <pc_vod>-</pc_vod>
        <mobile_vod>-</mobile_vod>
        <genre>드라마</genre>
        <start_date>2021.10.30</start_date>
        <end_date>2021.12.12</end_date>
        <director>이정흠</director>
        <writer>성초이</writer>
        <casts>이영애,김혜준,곽선영,김해숙,이홍내,백성철</casts>
    </row>
    <row>
        <href>11587</href>
        <program>돌싱글즈2</program>
        <content_id>C2401_PR878</content_id>
        <contentset_id>com.lge.meta.crawler.pooq2.Pooq2Crawler</contentset_id>
        <channel>MBN</channel>
        <days>일</days>
        <post>3778</post>
        <comment>35292</comment>
        <video_view>6655</video_view>
        <news>1374</news>
        <video>208</video>
        <family>537</family>
        <individual>840</individual>
        <man>354</man>
        <woman>486</woman>
        <teenager>50</teenager>
        <twenties>72</twenties>
        <thirties>120</thirties>
        <fourties>117</fourties>
        <fifties>169</fifties>
        <sixties>287</sixties>
        <tv_vod>-</tv_vod>
        <pc_live>-</pc_live>
        <pc_vod>-</pc_vod>
        <mobile_vod>-</mobile_vod>
        <genre>예능</genre>
        <start_date>2021.10.17</start_date>
        <end_date>-</end_date>
        <director>박선혜,박정애,김지은,박진영,김민종</director>
        <writer>정선영,조안나,장종현,윤소영,이유라</writer>
        <casts>이혜영,이지혜,유세윤,정겨운</casts>
    </row>
    <row>
        <href>11587</href>
        <program>돌싱글즈2</program>
        <content_id>tv_23044</content_id>
        <contentset_id>com.lge.meta.crawler.cine21.Cine21Crawler</contentset_id>
        <channel>MBN</channel>
        <days>일</days>
        <post>3778</post>
        <comment>35292</comment>
        <video_view>6655</video_view>
        <news>1374</news>
        <video>208</video>
        <family>537</family>
        <individual>840</individual>
        <man>354</man>
        <woman>486</woman>
        <teenager>50</teenager>
        <twenties>72</twenties>
        <thirties>120</thirties>
        <fourties>117</fourties>
        <fifties>169</fifties>
        <sixties>287</sixties>
        <tv_vod>-</tv_vod>
        <pc_live>-</pc_live>
        <pc_vod>-</pc_vod>
        <mobile_vod>-</mobile_vod>
        <genre>예능</genre>
        <start_date>2021.10.17</start_date>
        <end_date>-</end_date>
        <director>박선혜,박정애,김지은,박진영,김민종</director>
        <writer>정선영,조안나,장종현,윤소영,이유라</writer>
        <casts>이혜영,이지혜,유세윤,정겨운</casts>
    </row>
    <row>
        <href>11589</href>
        <program>멜랑꼴리아</program>
        <content_id>tv_23081</content_id>
        <contentset_id>com.lge.meta.crawler.cine21.Cine21Crawler</contentset_id>
        <channel>tvN</channel>
        <days>수목</days>
        <post>3300</post>
        <comment>8475</comment>
        <video_view>2882</video_view>
        <news>2492</news>
        <video>268</video>
        <family>374</family>
        <individual>620</individual>
        <man>293</man>
        <woman>327</woman>
        <teenager>47</teenager>
        <twenties>31</twenties>
        <thirties>65</thirties>
        <fourties>161</fourties>
        <fifties>167</fifties>
        <sixties>120</sixties>
        <tv_vod>-</tv_vod>
        <pc_live>-</pc_live>
        <pc_vod>-</pc_vod>
        <mobile_vod>-</mobile_vod>
        <genre>드라마</genre>
        <start_date>2021.11.10</start_date>
        <end_date>-</end_date>
        <director>김상협</director>
        <writer>김지운</writer>
        <casts>임수정,이도현</casts>
    </row>
    <row>
        <href>11590</href>
        <program>옷소매 붉은 끝동</program>
        <content_id>M_T60401G</content_id>
        <contentset_id>com.lge.meta.crawler.pooq2.Pooq2Crawler</contentset_id>
        <channel>MBC</channel>
        <days>금</days>
        <post>11536</post>
        <comment>54556</comment>
        <video_view>6790</video_view>
        <news>2876</news>
        <video>295</video>
        <family>1206</family>
        <individual>1830</individual>
        <man>834</man>
        <woman>997</woman>
        <teenager>93</teenager>
        <twenties>122</twenties>
        <thirties>135</thirties>
        <fourties>350</fourties>
        <fifties>487</fifties>
        <sixties>606</sixties>
        <tv_vod>-</tv_vod>
        <pc_live>-</pc_live>
        <pc_vod>-</pc_vod>
        <mobile_vod>-</mobile_vod>
        <genre>드라마</genre>
        <start_date>2021.11.12</start_date>
        <end_date>-</end_date>
        <director>정지인,송연화</director>
        <writer>정해리</writer>
        <casts>이준호,이세영,강훈,이덕화,박지영,장희진</casts>
    </row>
    <row>
        <href>11591</href>
        <program>해피니스</program>
        <content_id>tv_23082</content_id>
        <contentset_id>com.lge.meta.crawler.cine21.Cine21Crawler</contentset_id>
        <channel>tvN</channel>
        <days>금</days>
        <post>6052</post>
        <comment>23195</comment>
        <video_view>4502</video_view>
        <news>2420</news>
        <video>419</video>
        <family>598</family>
        <individual>1090</individual>
        <man>470</man>
        <woman>621</woman>
        <teenager>103</teenager>
        <twenties>103</twenties>
        <thirties>91</thirties>
        <fourties>295</fourties>
        <fifties>307</fifties>
        <sixties>147</sixties>
        <tv_vod>-</tv_vod>
        <pc_live>-</pc_live>
        <pc_vod>-</pc_vod>
        <mobile_vod>-</mobile_vod>
        <genre>드라마</genre>
        <start_date>2021.11.05</start_date>
        <end_date>2021.12.11</end_date>
        <director>안길호</director>
        <writer>한상운</writer>
        <casts>한효주,박형식,조우진,이준혁,박주희,백현진</casts>
    </row>
    <row>
        <href>11596</href>
        <program>꼬리에 꼬리를 무는 그날 이야기</program>
        <content_id>tv_21047</content_id>
        <contentset_id>com.lge.meta.crawler.cine21.Cine21Crawler</contentset_id>
        <channel>SBS</channel>
        <days>목</days>
        <post>1961</post>
        <comment>8167</comment>
        <video_view>1584</video_view>
        <news>289</news>
        <video>109</video>
        <family>794</family>
        <individual>1207</individual>
        <man>554</man>
        <woman>653</woman>
        <teenager>63</teenager>
        <twenties>117</twenties>
        <thirties>157</thirties>
        <fourties>308</fourties>
        <fifties>302</fifties>
        <sixties>220</sixties>
        <tv_vod>-</tv_vod>
        <pc_live>-</pc_live>
        <pc_vod>-</pc_vod>
        <mobile_vod>-</mobile_vod>
        <genre>예능</genre>
        <start_date>2021.10.21</start_date>
        <end_date>-</end_date>
        <director>최삼호,안윤태,유혜승</director>
        <writer/>
        <casts>장도연,장현성,장성규</casts>
    </row>
    <row>
        <href>11599</href>
        <program>너의 밤이 되어줄게</program>
        <content_id>tv_23083</content_id>
        <contentset_id>com.lge.meta.crawler.cine21.Cine21Crawler</contentset_id>
        <channel>SBS</channel>
        <days>토일</days>
        <post>1636</post>
        <comment>9213</comment>
        <video_view>287</video_view>
        <news>1748</news>
        <video>101</video>
        <family>409</family>
        <individual>611</individual>
        <man>307</man>
        <woman>304</woman>
        <teenager>30</teenager>
        <twenties>56</twenties>
        <thirties>70</thirties>
        <fourties>99</fourties>
        <fifties>150</fifties>
        <sixties>190</sixties>
        <tv_vod>-</tv_vod>
        <pc_live>-</pc_live>
        <pc_vod>-</pc_vod>
        <mobile_vod>-</mobile_vod>
        <genre>드라마</genre>
        <start_date>2021.11.07</start_date>
        <end_date>-</end_date>
        <director>안지숙</director>
        <writer/>
        <casts>정인선,이준영,장동주,JR,윤지성,김동현</casts>
    </row>
    <row>
        <href>11602</href>
        <program>어사와 조이</program>
        <content_id>tv_23085</content_id>
        <contentset_id>com.lge.meta.crawler.cine21.Cine21Crawler</contentset_id>
        <channel>tvN</channel>
        <days>월화</days>
        <post>2260</post>
        <comment>8337</comment>
        <video_view>2691</video_view>
        <news>2743</news>
        <video>410</video>
        <family>637</family>
        <individual>965</individual>
        <man>438</man>
        <woman>526</woman>
        <teenager>51</teenager>
        <twenties>68</twenties>
        <thirties>79</thirties>
        <fourties>213</fourties>
        <fifties>307</fifties>
        <sixties>240</sixties>
        <tv_vod>-</tv_vod>
        <pc_live>-</pc_live>
        <pc_vod>-</pc_vod>
        <mobile_vod>-</mobile_vod>
        <genre>드라마</genre>
        <start_date>2021.11.08</start_date>
        <end_date>-</end_date>
        <director>유종선</director>
        <writer>이재윤,김소이</writer>
        <casts>옥택연,김혜윤,정순원,이상희,최태환,김현준,차엽</casts>
    </row>
    <row>
        <href>11603</href>
        <program>지금, 헤어지는 중입니다</program>
        <content_id>tv_23087</content_id>
        <contentset_id>com.lge.meta.crawler.cine21.Cine21Crawler</contentset_id>
        <channel>SBS</channel>
        <days>금</days>
        <post>10216</post>
        <comment>39892</comment>
        <video_view>10665</video_view>
        <news>4424</news>
        <video>261</video>
        <family>1158</family>
        <individual>1734</individual>
        <man>692</man>
        <woman>1041</woman>
        <teenager>104</teenager>
        <twenties>87</twenties>
        <thirties>199</thirties>
        <fourties>372</fourties>
        <fifties>413</fifties>
        <sixties>489</sixties>
        <tv_vod>-</tv_vod>
        <pc_live>-</pc_live>
        <pc_vod>-</pc_vod>
        <mobile_vod>-</mobile_vod>
        <genre>드라마</genre>
        <start_date>2021.11.12</start_date>
        <end_date>-</end_date>
        <director>이길복</director>
        <writer>제인</writer>
        <casts>송혜교,장기용,최희서,김주헌,윤정희,박효주,윤나무</casts>
    </row>
    <row>
        <href>11611</href>
        <program>피의 게임</program>
        <content_id>tv_23074</content_id>
        <contentset_id>com.lge.meta.crawler.cine21.Cine21Crawler</contentset_id>
        <channel>MBC</channel>
        <days>월</days>
        <post>3737</post>
        <comment>18442</comment>
        <video_view>1140</video_view>
        <news>1121</news>
        <video>94</video>
        <family>318</family>
        <individual>453</individual>
        <man>230</man>
        <woman>222</woman>
        <teenager>23</teenager>
        <twenties>31</twenties>
        <thirties>76</thirties>
        <fourties>106</fourties>
        <fifties>111</fifties>
        <sixties>90</sixties>
        <tv_vod>-</tv_vod>
        <pc_live>-</pc_live>
        <pc_vod>-</pc_vod>
        <mobile_vod>-</mobile_vod>
        <genre>예능</genre>
        <start_date>2021.11.01</start_date>
        <end_date>-</end_date>
        <director>현정완,진용진,현유석</director>
        <writer>유지혜,김수연,김령현,주미현,김희은</writer>
        <casts>장동민,이상민,박지윤,슈카,최예나</casts>
    </row>
    <row>
        <href>11618</href>
        <program>학교 2021</program>
        <content_id>tv_23108</content_id>
        <contentset_id>com.lge.meta.crawler.cine21.Cine21Crawler</contentset_id>
        <channel>KBS2</channel>
        <days>수목</days>
        <post>941</post>
        <comment>4678</comment>
        <video_view>308</video_view>
        <news>2326</news>
        <video>82</video>
        <family>502</family>
        <individual>718</individual>
        <man>314</man>
        <woman>404</woman>
        <teenager>38</teenager>
        <twenties>29</twenties>
        <thirties>45</thirties>
        <fourties>185</fourties>
        <fifties>175</fifties>
        <sixties>235</sixties>
        <tv_vod>-</tv_vod>
        <pc_live>-</pc_live>
        <pc_vod>-</pc_vod>
        <mobile_vod>-</mobile_vod>
        <genre>드라마</genre>
        <start_date>2021.11.24</start_date>
        <end_date>-</end_date>
        <director>김민태,홍은미</director>
        <writer>동희선,조아라</writer>
        <casts>김요한,조이현,추영우,황보름별,김강민</casts>
    </row>
    <row>
        <href>11651</href>
        <program>방과후 설렘</program>
        <content_id>tv_23150</content_id>
        <contentset_id>com.lge.meta.crawler.cine21.Cine21Crawler</contentset_id>
        <channel>MBC</channel>
        <days>일</days>
        <post>2807</post>
        <comment>8232</comment>
        <video_view>290</video_view>
        <news>1701</news>
        <video>139</video>
        <family>343</family>
        <individual>505</individual>
        <man>214</man>
        <woman>292</woman>
        <teenager>47</teenager>
        <twenties>15</twenties>
        <thirties>63</thirties>
        <fourties>115</fourties>
        <fifties>86</fifties>
        <sixties>155</sixties>
        <tv_vod>-</tv_vod>
        <pc_live>-</pc_live>
        <pc_vod>-</pc_vod>
        <mobile_vod>-</mobile_vod>
        <genre>예능</genre>
        <start_date>2021.11.28</start_date>
        <end_date>-</end_date>
        <director>박상현,백진수,서형원,유승혜,김은주</director>
        <writer>안희진,장원미,박진주,황보배,김소영</writer>
        <casts>윤균상,옥주현,권유리,아이키,소연</casts>
    </row>
    <row>
        <href>11652</href>
        <program>태종 이방원</program>
        <content_id>K01_T2021-0263</content_id>
        <contentset_id>com.lge.meta.crawler.pooq2.Pooq2Crawler</contentset_id>
        <channel>KBS1</channel>
        <days>토일</days>
        <post>1211</post>
        <comment>3471</comment>
        <video_view>8</video_view>
        <news>610</news>
        <video>3</video>
        <family>-</family>
        <individual>-</individual>
        <man>-</man>
        <woman>-</woman>
        <teenager>-</teenager>
        <twenties>-</twenties>
        <thirties>-</thirties>
        <fourties>-</fourties>
        <fifties>-</fifties>
        <sixties>-</sixties>
        <tv_vod>-</tv_vod>
        <pc_live>-</pc_live>
        <pc_vod>-</pc_vod>
        <mobile_vod>-</mobile_vod>
        <genre>드라마</genre>
        <start_date>2021.12.11</start_date>
        <end_date>-</end_date>
        <director>김형일</director>
        <writer>이정우</writer>
        <casts>주상욱,김영철,박진희,예지원,예수정,엄효섭,김명수</casts>
    </row>
    <row>
        <href>11657</href>
        <program>스트릿댄스 걸스 파이터</program>
        <content_id>tv_23200</content_id>
        <contentset_id>com.lge.meta.crawler.cine21.Cine21Crawler</contentset_id>
        <channel>Mnet</channel>
        <days>화</days>
        <post>1967</post>
        <comment>29616</comment>
        <video_view>5125</video_view>
        <news>825</news>
        <video>65</video>
        <family>346</family>
        <individual>550</individual>
        <man>219</man>
        <woman>330</woman>
        <teenager>57</teenager>
        <twenties>77</twenties>
        <thirties>98</thirties>
        <fourties>169</fourties>
        <fifties>107</fifties>
        <sixties>39</sixties>
        <tv_vod>-</tv_vod>
        <pc_live>-</pc_live>
        <pc_vod>-</pc_vod>
        <mobile_vod>-</mobile_vod>
        <genre>예능</genre>
        <start_date>2021.11.30</start_date>
        <end_date>-</end_date>
        <director>김나연,이미경,이선우,전연주</director>
        <writer>경현주,김해정,안종미,김예지,남궁돈</writer>
        <casts>강다니엘,YGX,라치카,원트,웨이비,코카N버터,프라우드먼,홀리뱅,훅</casts>
    </row>
    <row>
        <href>127</href>
        <program>생활의 달인</program>
        <content_id>tv_2745</content_id>
        <contentset_id>com.lge.meta.crawler.cine21.Cine21Crawler</contentset_id>
        <channel>SBS</channel>
        <days>월</days>
        <post>1252</post>
        <comment>3866</comment>
        <video_view>59</video_view>
        <news>129</news>
        <video>42</video>
        <family>935</family>
        <individual>1403</individual>
        <man>649</man>
        <woman>754</woman>
        <teenager>56</teenager>
        <twenties>68</twenties>
        <thirties>178</thirties>
        <fourties>262</fourties>
        <fifties>365</fifties>
        <sixties>431</sixties>
        <tv_vod>-</tv_vod>
        <pc_live>-</pc_live>
        <pc_vod>-</pc_vod>
        <mobile_vod>-</mobile_vod>
        <genre>예능</genre>
        <start_date>2005.04.25</start_date>
        <end_date>-</end_date>
        <director>이득녕,이상준,김동현,신승환</director>
        <writer/>
        <casts/>
    </row>
    <row>
        <href>152</href>
        <program>유희열의 스케치북</program>
        <content_id>tEqoaDP</content_id>
        <contentset_id>com.lge.meta.crawler.watchaplay.WatchaPlayCrawler</contentset_id>
        <channel>KBS2</channel>
        <days>금</days>
        <post>871</post>
        <comment>4872</comment>
        <video_view>507</video_view>
        <news>647</news>
        <video>298</video>
        <family>125</family>
        <individual>161</individual>
        <man>72</man>
        <woman>89</woman>
        <teenager>8</teenager>
        <twenties>8</twenties>
        <thirties>34</thirties>
        <fourties>47</fourties>
        <fifties>25</fifties>
        <sixties>37</sixties>
        <tv_vod>-</tv_vod>
        <pc_live>-</pc_live>
        <pc_vod>-</pc_vod>
        <mobile_vod>-</mobile_vod>
        <genre>예능</genre>
        <start_date>2009.04.24</start_date>
        <end_date>-</end_date>
        <director>조준희,손자연</director>
        <writer>서현아,서소영,최혜정</writer>
        <casts>유희열,MC딩동</casts>
    </row>
    <row>
        <href>152</href>
        <program>유희열의 스케치북</program>
        <content_id>tv_1669</content_id>
        <contentset_id>com.lge.meta.crawler.cine21.Cine21Crawler</contentset_id>
        <channel>KBS2</channel>
        <days>금</days>
        <post>871</post>
        <comment>4872</comment>
        <video_view>507</video_view>
        <news>647</news>
        <video>298</video>
        <family>125</family>
        <individual>161</individual>
        <man>72</man>
        <woman>89</woman>
        <teenager>8</teenager>
        <twenties>8</twenties>
        <thirties>34</thirties>
        <fourties>47</fourties>
        <fifties>25</fifties>
        <sixties>37</sixties>
        <tv_vod>-</tv_vod>
        <pc_live>-</pc_live>
        <pc_vod>-</pc_vod>
        <mobile_vod>-</mobile_vod>
        <genre>예능</genre>
        <start_date>2009.04.24</start_date>
        <end_date>-</end_date>
        <director>조준희,손자연</director>
        <writer>서현아,서소영,최혜정</writer>
        <casts>유희열,MC딩동</casts>
    </row>
    <row>
        <href>495</href>
        <program>맛있는 녀석들</program>
        <content_id>-Q m=http%3A%2F%2Fapi-global.netflix.com%2Fcatalog%2Ftitles%2Fseries%2F81066964&amp;amp;source_type=4&amp;amp;trackId=13783779&amp;amp;trackUrl=https%3A%2F%2Fapi-global.netflix.com%2FAPI_APP_ID_6261%3F%23Search%3F</content_id>
        <contentset_id>com.lge.meta.crawler.netflix.NetflixCrawler_ko_KR</contentset_id>
        <channel>iHQ</channel>
        <days>금</days>
        <post>1066</post>
        <comment>3976</comment>
        <video_view>535</video_view>
        <news>315</news>
        <video>28</video>
        <family>93</family>
        <individual>160</individual>
        <man>60</man>
        <woman>99</woman>
        <teenager>15</teenager>
        <twenties>0</twenties>
        <thirties>13</thirties>
        <fourties>80</fourties>
        <fifties>12</fifties>
        <sixties>24</sixties>
        <tv_vod>-</tv_vod>
        <pc_live>-</pc_live>
        <pc_vod>-</pc_vod>
        <mobile_vod>-</mobile_vod>
        <genre>예능</genre>
        <start_date>2015.01.30</start_date>
        <end_date>-</end_date>
        <director>김대웅</director>
        <writer/>
        <casts>유민상,김준현,김민경,문세윤</casts>
    </row>
    <row>
        <href>495</href>
        <program>맛있는 녀석들</program>
        <content_id>tv_6010</content_id>
        <contentset_id>com.lge.meta.crawler.cine21.Cine21Crawler</contentset_id>
        <channel>iHQ</channel>
        <days>금</days>
        <post>1066</post>
        <comment>3976</comment>
        <video_view>535</video_view>
        <news>315</news>
        <video>28</video>
        <family>93</family>
        <individual>160</individual>
        <man>60</man>
        <woman>99</woman>
        <teenager>15</teenager>
        <twenties>0</twenties>
        <thirties>13</thirties>
        <fourties>80</fourties>
        <fifties>12</fifties>
        <sixties>24</sixties>
        <tv_vod>-</tv_vod>
        <pc_live>-</pc_live>
        <pc_vod>-</pc_vod>
        <mobile_vod>-</mobile_vod>
        <genre>예능</genre>
        <start_date>2015.01.30</start_date>
        <end_date>-</end_date>
        <director>김대웅</director>
        <writer/>
        <casts>유민상,김준현,김민경,문세윤</casts>
    </row>
    <row>
        <href>56</href>
        <program>알토란</program>
        <content_id>tv_6003</content_id>
        <contentset_id>com.lge.meta.crawler.cine21.Cine21Crawler</contentset_id>
        <channel>MBN</channel>
        <days>일</days>
        <post>1027</post>
        <comment>2396</comment>
        <video_view>20</video_view>
        <news>114</news>
        <video>208</video>
        <family>320</family>
        <individual>398</individual>
        <man>145</man>
        <woman>253</woman>
        <teenager>5</teenager>
        <twenties>16</twenties>
        <thirties>28</thirties>
        <fourties>23</fourties>
        <fifties>92</fifties>
        <sixties>232</sixties>
        <tv_vod>-</tv_vod>
        <pc_live>-</pc_live>
        <pc_vod>-</pc_vod>
        <mobile_vod>-</mobile_vod>
        <genre>예능</genre>
        <start_date>2014.10.19</start_date>
        <end_date>-</end_date>
        <director>이선영,김연주,홍진흥,안수진,백지희</director>
        <writer>고은정,장정윤,이임송,최이슬</writer>
        <casts>강성연</casts>
    </row>
    <row>
        <href>56</href>
        <program>알토란</program>
        <content_id>P868314593</content_id>
        <contentset_id>com.lge.meta.crawler.cjenm.CJENMCrawler</contentset_id>
        <channel>MBN</channel>
        <days>일</days>
        <post>1027</post>
        <comment>2396</comment>
        <video_view>20</video_view>
        <news>114</news>
        <video>208</video>
        <family>320</family>
        <individual>398</individual>
        <man>145</man>
        <woman>253</woman>
        <teenager>5</teenager>
        <twenties>16</twenties>
        <thirties>28</thirties>
        <fourties>23</fourties>
        <fifties>92</fifties>
        <sixties>232</sixties>
        <tv_vod>-</tv_vod>
        <pc_live>-</pc_live>
        <pc_vod>-</pc_vod>
        <mobile_vod>-</mobile_vod>
        <genre>예능</genre>
        <start_date>2014.10.19</start_date>
        <end_date>-</end_date>
        <director>이선영,김연주,홍진흥,안수진,백지희</director>
        <writer>고은정,장정윤,이임송,최이슬</writer>
        <casts>강성연</casts>
    </row>
    <row>
        <href>574</href>
        <program>아는 형님</program>
        <content_id>-Q m=http%3A%2F%2Fapi-global.netflix.com%2Fcatalog%2Ftitles%2Fseries%2F80176842&amp;amp;source_type=4&amp;amp;trackId=13783779&amp;amp;trackUrl=https%3A%2F%2Fapi-global.netflix.com%2FAPI_APP_ID_6261%3F%23Search%3F</content_id>
        <contentset_id>com.lge.meta.crawler.netflix.NetflixCrawler_ko_KR</contentset_id>
        <channel>JTBC</channel>
        <days>토</days>
        <post>3582</post>
        <comment>28656</comment>
        <video_view>10479</video_view>
        <news>1404</news>
        <video>354</video>
        <family>490</family>
        <individual>837</individual>
        <man>384</man>
        <woman>453</woman>
        <teenager>91</teenager>
        <twenties>51</twenties>
        <thirties>91</thirties>
        <fourties>245</fourties>
        <fifties>156</fifties>
        <sixties>161</sixties>
        <tv_vod>-</tv_vod>
        <pc_live>-</pc_live>
        <pc_vod>-</pc_vod>
        <mobile_vod>-</mobile_vod>
        <genre>예능</genre>
        <start_date>2015.12.05</start_date>
        <end_date>-</end_date>
        <director>김노은,안성한,강홍주,신기은,김수진</director>
        <writer>황선영,정윤희,최미연,유지희,이지영</writer>
        <casts>강호동,이수근,김영철,서장훈,희철,민경훈,이상민</casts>
    </row>
    <row>
        <href>574</href>
        <program>아는 형님</program>
        <content_id>tv_6969</content_id>
        <contentset_id>com.lge.meta.crawler.cine21.Cine21Crawler</contentset_id>
        <channel>JTBC</channel>
        <days>토</days>
        <post>3582</post>
        <comment>28656</comment>
        <video_view>10479</video_view>
        <news>1404</news>
        <video>354</video>
        <family>490</family>
        <individual>837</individual>
        <man>384</man>
        <woman>453</woman>
        <teenager>91</teenager>
        <twenties>51</twenties>
        <thirties>91</thirties>
        <fourties>245</fourties>
        <fifties>156</fifties>
        <sixties>161</sixties>
        <tv_vod>-</tv_vod>
        <pc_live>-</pc_live>
        <pc_vod>-</pc_vod>
        <mobile_vod>-</mobile_vod>
        <genre>예능</genre>
        <start_date>2015.12.05</start_date>
        <end_date>-</end_date>
        <director>김노은,안성한,강홍주,신기은,김수진</director>
        <writer>황선영,정윤희,최미연,유지희,이지영</writer>
        <casts>강호동,이수근,김영철,서장훈,희철,민경훈,이상민</casts>
    </row>
    <row>
        <href>6</href>
        <program>라디오스타</program>
        <content_id>tv_1615</content_id>
        <contentset_id>com.lge.meta.crawler.cine21.Cine21Crawler</contentset_id>
        <channel>MBC</channel>
        <days>수</days>
        <post>1523</post>
        <comment>13540</comment>
        <video_view>5842</video_view>
        <news>2525</news>
        <video>220</video>
        <family>904</family>
        <individual>1412</individual>
        <man>632</man>
        <woman>780</woman>
        <teenager>67</teenager>
        <twenties>93</twenties>
        <thirties>157</thirties>
        <fourties>395</fourties>
        <fifties>352</fifties>
        <sixties>305</sixties>
        <tv_vod>-</tv_vod>
        <pc_live>-</pc_live>
        <pc_vod>-</pc_vod>
        <mobile_vod>-</mobile_vod>
        <genre>예능</genre>
        <start_date>2007.05.30</start_date>
        <end_date>-</end_date>
        <director>한영롱</director>
        <writer>곽상원,변은정,이향림,박미르내,이윤영,김한슬</writer>
        <casts>김국진,김구라,안영미</casts>
    </row>
    <row>
        <href>85</href>
        <program>런닝맨</program>
        <content_id>tv_1786</content_id>
        <contentset_id>com.lge.meta.crawler.cine21.Cine21Crawler</contentset_id>
        <channel>SBS</channel>
        <days>일</days>
        <post>3225</post>
        <comment>22821</comment>
        <video_view>9427</video_view>
        <news>1780</news>
        <video>166</video>
        <family>1154</family>
        <individual>1982</individual>
        <man>938</man>
        <woman>1044</woman>
        <teenager>196</teenager>
        <twenties>156</twenties>
        <thirties>283</thirties>
        <fourties>499</fourties>
        <fifties>387</fifties>
        <sixties>387</sixties>
        <tv_vod>-</tv_vod>
        <pc_live>-</pc_live>
        <pc_vod>-</pc_vod>
        <mobile_vod>-</mobile_vod>
        <genre>예능</genre>
        <start_date>2010.07.11</start_date>
        <end_date>-</end_date>
        <director>이환진</director>
        <writer/>
        <casts>유재석,지석진,김종국,하하,송지효,이광수,전소민,양세찬</casts>
    </row>
    <row>
        <href>85</href>
        <program>런닝맨</program>
        <content_id>tRNAaJE</content_id>
        <contentset_id>com.lge.meta.crawler.watchaplay.WatchaPlayCrawler</contentset_id>
        <channel>SBS</channel>
        <days>일</days>
        <post>3225</post>
        <comment>22821</comment>
        <video_view>9427</video_view>
        <news>1780</news>
        <video>166</video>
        <family>1154</family>
        <individual>1982</individual>
        <man>938</man>
        <woman>1044</woman>
        <teenager>196</teenager>
        <twenties>156</twenties>
        <thirties>283</thirties>
        <fourties>499</fourties>
        <fifties>387</fifties>
        <sixties>387</sixties>
        <tv_vod>-</tv_vod>
        <pc_live>-</pc_live>
        <pc_vod>-</pc_vod>
        <mobile_vod>-</mobile_vod>
        <genre>예능</genre>
        <start_date>2010.07.11</start_date>
        <end_date>-</end_date>
        <director>이환진</director>
        <writer/>
        <casts>유재석,지석진,김종국,하하,송지효,이광수,전소민,양세찬</casts>
    </row>
    <row>
        <href>85</href>
        <program>런닝맨</program>
        <content_id>tv_10916</content_id>
        <contentset_id>com.lge.meta.crawler.cine21.Cine21Crawler</contentset_id>
        <channel>SBS</channel>
        <days>일</days>
        <post>3225</post>
        <comment>22821</comment>
        <video_view>9427</video_view>
        <news>1780</news>
        <video>166</video>
        <family>1154</family>
        <individual>1982</individual>
        <man>938</man>
        <woman>1044</woman>
        <teenager>196</teenager>
        <twenties>156</twenties>
        <thirties>283</thirties>
        <fourties>499</fourties>
        <fifties>387</fifties>
        <sixties>387</sixties>
        <tv_vod>-</tv_vod>
        <pc_live>-</pc_live>
        <pc_vod>-</pc_vod>
        <mobile_vod>-</mobile_vod>
        <genre>예능</genre>
        <start_date>2010.07.11</start_date>
        <end_date>-</end_date>
        <director>이환진</director>
        <writer/>
        <casts>유재석,지석진,김종국,하하,송지효,이광수,전소민,양세찬</casts>
    </row>
    <row>
        <href>85</href>
        <program>런닝맨</program>
        <content_id>-Q m=http%3A%2F%2Fapi-global.netflix.com%2Fcatalog%2Ftitles%2Fseries%2F81331228&amp;amp;source_type=4&amp;amp;trackId=13783779&amp;amp;trackUrl=https%3A%2F%2Fapi-global.netflix.com%2FAPI_APP_ID_6261%3F%23Search%3F</content_id>
        <contentset_id>com.lge.meta.crawler.netflix.NetflixCrawler_ko_KR</contentset_id>
        <channel>SBS</channel>
        <days>일</days>
        <post>3225</post>
        <comment>22821</comment>
        <video_view>9427</video_view>
        <news>1780</news>
        <video>166</video>
        <family>1154</family>
        <individual>1982</individual>
        <man>938</man>
        <woman>1044</woman>
        <teenager>196</teenager>
        <twenties>156</twenties>
        <thirties>283</thirties>
        <fourties>499</fourties>
        <fifties>387</fifties>
        <sixties>387</sixties>
        <tv_vod>-</tv_vod>
        <pc_live>-</pc_live>
        <pc_vod>-</pc_vod>
        <mobile_vod>-</mobile_vod>
        <genre>예능</genre>
        <start_date>2010.07.11</start_date>
        <end_date>-</end_date>
        <director>이환진</director>
        <writer/>
        <casts>유재석,지석진,김종국,하하,송지효,이광수,전소민,양세찬</casts>
    </row>
    <row>
        <href>93</href>
        <program>나혼자산다</program>
        <content_id>tv_4627</content_id>
        <contentset_id>com.lge.meta.crawler.cine21.Cine21Crawler</contentset_id>
        <channel>MBC</channel>
        <days>금</days>
        <post>3612</post>
        <comment>22272</comment>
        <video_view>5230</video_view>
        <news>2580</news>
        <video>193</video>
        <family>900</family>
        <individual>1466</individual>
        <man>617</man>
        <woman>850</woman>
        <teenager>109</teenager>
        <twenties>106</twenties>
        <thirties>207</thirties>
        <fourties>434</fourties>
        <fifties>351</fifties>
        <sixties>200</sixties>
        <tv_vod>-</tv_vod>
        <pc_live>-</pc_live>
        <pc_vod>-</pc_vod>
        <mobile_vod>-</mobile_vod>
        <genre>예능</genre>
        <start_date>2013.03.22</start_date>
        <end_date>-</end_date>
        <director>황지영</director>
        <writer>이경하,김희경,한영신,강서림,김하리</writer>
        <casts>전현무,기안84,박나래,한혜진,이시언,헨리</casts>
    </row>
    <row>
        <href>93</href>
        <program>나혼자산다</program>
        <content_id>tPJjqpP</content_id>
        <contentset_id>com.lge.meta.crawler.watchaplay.WatchaPlayCrawler</contentset_id>
        <channel>MBC</channel>
        <days>금</days>
        <post>3612</post>
        <comment>22272</comment>
        <video_view>5230</video_view>
        <news>2580</news>
        <video>193</video>
        <family>900</family>
        <individual>1466</individual>
        <man>617</man>
        <woman>850</woman>
        <teenager>109</teenager>
        <twenties>106</twenties>
        <thirties>207</thirties>
        <fourties>434</fourties>
        <fifties>351</fifties>
        <sixties>200</sixties>
        <tv_vod>-</tv_vod>
        <pc_live>-</pc_live>
        <pc_vod>-</pc_vod>
        <mobile_vod>-</mobile_vod>
        <genre>예능</genre>
        <start_date>2013.03.22</start_date>
        <end_date>-</end_date>
        <director>황지영</director>
        <writer>이경하,김희경,한영신,강서림,김하리</writer>
        <casts>전현무,기안84,박나래,한혜진,이시언,헨리</casts>
    </row>
    <row>
        <href>10889</href>
        <program>1박 2일 시즌4</program>
        <content_id>tP8ap43</content_id>
        <contentset_id>com.lge.meta.crawler.watchaplay.WatchaPlayCrawler</contentset_id>
        <channel>KBS2</channel>
        <days>일</days>
        <post>1531</post>
        <comment>11169</comment>
        <video_view>716</video_view>
        <news>1980</news>
        <video>122</video>
        <family>2074</family>
        <individual>3250</individual>
        <man>1469</man>
        <woman>1781</woman>
        <teenager>164</teenager>
        <twenties>209</twenties>
        <thirties>316</thirties>
        <fourties>592</fourties>
        <fifties>734</fifties>
        <sixties>1114</sixties>
        <tv_vod>-</tv_vod>
        <pc_live>-</pc_live>
        <pc_vod>-</pc_vod>
        <mobile_vod>-</mobile_vod>
        <genre>예능</genre>
        <start_date>2019.12.08</start_date>
        <end_date>-</end_date>
        <director>방글이,정동현,이희성,배수경,김남혁,김수현</director>
        <writer>노진영,이지혜,이고운,박은주,백나미</writer>
        <casts>연정훈,김종민,문세윤,딘딘,라비</casts>
    </row>
    <row>
        <href>11652</href>
        <program>태종 이방원</program>
        <content_id>tv_23198</content_id>
        <contentset_id>com.lge.meta.crawler.cine21.Cine21Crawler</contentset_id>
        <channel>KBS1</channel>
        <days>토일</days>
        <post>1211</post>
        <comment>3471</comment>
        <video_view>8</video_view>
        <news>610</news>
        <video>3</video>
        <family>-</family>
        <individual>-</individual>
        <man>-</man>
        <woman>-</woman>
        <teenager>-</teenager>
        <twenties>-</twenties>
        <thirties>-</thirties>
        <fourties>-</fourties>
        <fifties>-</fifties>
        <sixties>-</sixties>
        <tv_vod>-</tv_vod>
        <pc_live>-</pc_live>
        <pc_vod>-</pc_vod>
        <mobile_vod>-</mobile_vod>
        <genre>드라마</genre>
        <start_date>2021.12.11</start_date>
        <end_date>-</end_date>
        <director>김형일</director>
        <writer>이정우</writer>
        <casts>주상욱,김영철,박진희,예지원,예수정,엄효섭,김명수</casts>
    </row>
</data>
